IDREC,IDTR,TIME_TR
99999,NA,0
42584,99999,3.398230
64849,42584,4.239588
891,42584,6.696034
5964,891,6.845977
80326,891,7.327896
11,80326,8.078714
1744,11,8.144296
94029,11,8.154984
25945,1744,8.274457
76453,11,8.278106
3779,5964,8.310108
29036,891,8.318957
9844,5964,8.324309
3231,3779,8.418080
19677,11,8.446117
6885,11,8.455314
48724,6885,8.458098
25471,11,8.481714
63651,891,8.506649
40045,11,8.520332
952,11,8.529785
928,11,8.537625
11753,11,8.537966
10875,11,8.557497
77030,5964,8.601188
34059,11,8.625215
13896,952,8.636866
78496,11,8.639681
25774,11,8.775596
87265,1744,8.796715
70309,11,8.866005
34577,3231,8.874253
4431,11,8.919932
43355,1744,8.949246
59026,11,8.964725
618,11,9.026666
6214,11,9.061207
40675,11,9.078026
50977,29036,9.086670
54445,11,9.133832
60565,10875,9.156827
5371,11,9.161192
5953,1744,9.168696
51365,9844,9.212285
10941,618,9.240921
11205,6214,9.306789
17271,891,9.394233
23838,6885,9.402939
2417,11,9.433128
29725,6885,9.442762
882,60565,9.443041
85604,11,9.451879
4817,952,9.451928
78872,4817,9.518413
86691,882,9.567787
13034,11,9.570460
19184,11,9.573809
85303,2417,9.580455
28723,3231,9.584847
12469,11,9.593276
15763,952,9.595197
24171,882,9.608958
5897,11753,9.622177
8267,5964,9.623516
3759,11,9.685212
27151,15763,9.697962
63064,34059,9.710176
67309,928,9.722165
18387,3779,9.760916
87654,3779,9.761931
52086,618,9.772601
41549,19184,9.782207
15503,11,9.785851
77687,928,9.790301
3250,13034,9.854762
294,11,9.878546
6108,882,9.893709
1785,1744,9.927084
75434,882,9.931494
14292,3250,9.935429
9737,86691,9.944641
24675,1744,9.956154
64571,891,9.975214
11024,3779,10.010720
3719,85303,10.039310
94808,11,10.066190
99790,928,10.081636
1457,11,10.081899
23959,17271,10.106142
98285,11,10.110366
86257,11,10.145328
59548,11,10.147897
20782,3779,10.165197
57023,19184,10.210495
97738,3719,10.221768
95061,11,10.241783
81702,14292,10.243388
56246,11,10.246340
44306,11,10.254387
10017,1457,10.276767
15529,952,10.304051
4773,294,10.312676
76367,11,10.339390
3751,3719,10.345422
88742,13034,10.349341
14029,11,10.362905
93,5371,10.378701
28120,25774,10.412775
55319,13896,10.418877
25791,2417,10.436052
57962,882,10.447955
51152,11,10.469168
97944,3779,10.477486
70372,952,10.506599
24975,4817,10.581163
36382,1457,10.588998
83098,57962,10.602529
11545,11,10.637624
45882,294,10.642951
48461,44306,10.672094
91626,56246,10.678257
13615,76367,10.680833
5,67309,10.685775
4711,952,10.700966
88837,5,10.702867
2177,952,10.709277
94272,93,10.711595
7378,5,10.729210
11071,5964,10.749926
48835,11,10.757840
36950,11,10.761268
5103,9844,10.771736
27805,6214,10.779549
30732,5,10.782372
41440,5,10.789690
51230,11,10.793334
761,11,10.799424
999,1457,10.805873
14136,294,10.807705
1635,5,10.812168
55554,5,10.825251
315,5,10.826391
55460,11,10.828232
3778,3719,10.829635
49192,93,10.844107
75142,5,10.847069
199,11,10.849211
38219,294,10.852735
47017,13615,10.856196
63201,10017,10.864178
62536,5,10.873009
90192,88742,10.877031
43654,5,10.877083
48485,14029,10.879882
36897,5,10.880703
22159,4817,10.884668
50249,999,10.891542
18045,294,10.896261
26897,618,10.916698
3712,315,10.929179
59197,11,10.929736
598,5,10.935712
4907,1744,10.942434
8200,5,10.946420
4703,25774,10.971086
16876,315,10.974460
41384,36950,10.975055
6082,11,10.986356
51789,64571,11.006186
16921,5,11.017327
89583,5,11.017537
79101,11,11.019299
13652,25791,11.020868
42175,5,11.026203
15829,5,11.031040
87357,5,11.038766
12995,5,11.039342
36708,5,11.041232
14711,3250,11.041371
8611,5,11.049277
99894,5,11.053422
62533,5,11.056036
99813,5,11.060652
68,13896,11.066230
34695,13896,11.070172
13930,3712,11.073258
6337,15763,11.079565
3772,882,11.083384
3823,11,11.108971
22651,294,11.112873
165,5,11.113854
24394,5,11.114755
55356,5,11.115882
50584,3719,11.118429
5670,3751,11.119398
2727,5,11.127411
80471,5,11.129436
593,5,11.138176
32309,199,11.142183
44074,11,11.142527
29540,294,11.144126
80811,2177,11.147677
148,5,11.162314
37519,199,11.168137
40943,5,11.169612
43992,87357,11.171317
32910,90192,11.173190
3307,148,11.189658
33065,5670,11.193060
20730,165,11.206010
91585,7378,11.208047
28814,24394,11.212653
40902,5,11.213255
31320,5,11.215608
94884,928,11.225837
36780,165,11.230904
50676,19184,11.233116
138,93,11.237214
44978,68,11.242710
94641,315,11.248457
20045,11,11.251971
63166,5,11.260048
13740,5,11.267659
3247,315,11.269420
57589,5,11.275390
1079,5,11.276236
69490,5,11.278664
76997,618,11.284298
62,999,11.284308
25004,3759,11.289629
22421,5,11.290666
32368,5670,11.292675
46313,5,11.297359
85384,93,11.299010
4068,5,11.301631
41833,315,11.311644
1477,891,11.315986
56230,28814,11.320162
48176,5,11.320575
21708,2727,11.321638
62019,138,11.323756
17201,24171,11.333776
83514,10941,11.339431
10496,3778,11.339602
6145,3719,11.342747
50,5,11.346465
15363,882,11.357147
63122,165,11.358303
61316,12995,11.369010
71478,11,11.370670
88415,5,11.389744
73507,294,11.394293
72792,62,11.394940
38923,50,11.398721
10532,5,11.406513
96242,6885,11.409542
89407,3823,11.410323
75406,24171,11.423880
1157,5,11.425469
8,62536,11.428239
72051,51152,11.428484
64358,5,11.431963
72679,5,11.439390
13850,5,11.440463
16298,50,11.440668
16962,618,11.441390
55058,20782,11.442193
7747,5103,11.442831
16914,761,11.447847
7656,51152,11.453614
18406,11,11.455457
27353,3823,11.456482
2227,80811,11.456706
89064,593,11.459585
37396,2227,11.464857
1443,11,11.466655
21652,13740,11.467710
56099,5,11.469261
2672,16298,11.472299
91386,148,11.474865
92683,11071,11.477695
17222,315,11.479681
195,62,11.480123
27966,44074,11.488628
42004,50,11.493420
57508,1079,11.493629
69814,36382,11.495384
28139,593,11.498678
36203,8611,11.504629
56235,593,11.505424
35062,5,11.515411
48039,15503,11.521493
6274,5,11.522955
17,5,11.539010
82423,9844,11.539113
26087,165,11.539230
20896,882,11.544028
18259,17,11.546507
28108,11,11.547220
3232,14136,11.553413
6318,3778,11.554116
39916,17,11.555645
37102,5103,11.558635
5577,7656,11.565019
2431,315,11.566578
52761,5,11.567497
362,8,11.568659
13070,5,11.571339
11948,8,11.583018
473,50,11.583296
85602,5,11.585566
7493,5,11.585917
12422,165,11.588493
6475,68,11.590785
25658,165,11.598419
45357,5,11.600064
3427,8,11.603591
45351,294,11.606755
27241,165,11.611393
83022,8,11.622748
41994,5,11.628366
22081,5,11.639277
58747,51230,11.643153
96483,50,11.645045
3722,5,11.646679
29078,93,11.647244
58929,928,11.653308
2797,315,11.658859
87157,882,11.661469
10782,5,11.662126
6792,8,11.663276
56915,9844,11.665240
17322,1157,11.667514
94665,50,11.667616
8214,1157,11.674004
33743,2177,11.679612
10863,8611,11.683033
24239,5103,11.693039
51642,25791,11.700273
68327,2797,11.700382
4540,5,11.700881
7688,165,11.701396
14864,7656,11.703579
975,5,11.708158
76146,165,11.710303
72520,5,11.711161
38701,761,11.712729
64062,17,11.716023
98184,57023,11.719490
264,165,11.728516
5067,1157,11.729366
53590,294,11.731989
74406,5067,11.733524
1090,41994,11.733803
72674,93,11.735492
12623,11,11.735965
28560,3778,11.740834
92326,5,11.741957
4422,62,11.742041
25124,2431,11.747524
85205,999,11.748994
25583,294,11.749341
11290,50,11.750820
17230,6337,11.751770
34883,17,11.754661
30028,62019,11.756568
74,85602,11.758808
89717,3779,11.759415
87737,5,11.759851
46990,3712,11.763277
22305,2797,11.766507
2162,6145,11.770484
35053,13615,11.773518
24155,5371,11.778848
3807,44306,11.780008
94552,74,11.780539
24768,17,11.781871
27633,50,11.784258
7598,891,11.785441
22353,1477,11.787504
1402,50,11.791365
59506,42004,11.791487
72408,5670,11.794054
80074,362,11.794718
47481,68,11.802430
3349,1079,11.803653
663,5,11.805605
8304,8,11.807059
84505,62,11.819501
46820,50,11.825013
26267,19184,11.826312
4,35053,11.832691
743,10875,11.839400
2495,11,11.842609
53614,17,11.843938
28737,24975,11.858092
78552,5,11.858538
14737,4,11.862208
98470,7598,11.864286
8687,1157,11.868569
20326,5,11.873049
55589,5067,11.873885
22,5,11.877112
48261,22,11.881405
19892,891,11.881993
21466,93,11.882134
7876,199,11.882747
48939,315,11.898268
6571,8,11.901070
56619,3778,11.901407
4745,165,11.902195
62953,63651,11.904258
34206,3823,11.907965
32708,17,11.908451
24705,473,11.923300
27533,5,11.924523
657,5,11.925363
79,19184,11.927224
36183,36203,11.930607
47957,2797,11.933936
87512,663,11.935031
18919,4,11.936121
20,8,11.936298
63490,11,11.936472
45802,8,11.938647
49929,22,11.940293
82976,1090,11.942018
1368,975,11.942250
31291,5,11.944432
26707,18406,11.947567
14973,315,11.956187
52893,4,11.958694
43924,4,11.958862
5048,743,11.963125
43578,6792,11.965337
6005,138,11.965930
64812,3772,11.967170
33543,4,11.971303
62983,5,11.972587
35196,743,11.975036
64137,138,11.975760
38018,4,11.976787
34376,7876,11.977741
11043,657,11.977904
36710,315,11.987126
2747,79,11.996412
326,18259,11.998474
196,29078,12.000961
23042,165,12.001949
52664,4,12.004155
93996,4,12.004351
44634,315,12.005560
34083,79,12.007858
29242,4,12.008793
6838,196,12.009103
48429,22081,12.009318
20766,16876,12.012336
6668,4,12.017751
82997,1368,12.018259
6282,1368,12.018618
92304,3751,12.020248
95328,20782,12.020400
36155,657,12.021932
13415,50,12.025755
92693,5,12.027023
41126,5,12.031730
954,22,12.036651
94734,32708,12.042742
8085,5,12.044270
240,11,12.044792
3387,4,12.046543
10890,79,12.051217
78860,1157,12.061528
15665,43924,12.062108
3283,199,12.064162
5583,1090,12.065526
29456,3232,12.066006
62225,5,12.067627
39200,6337,12.070103
3714,22,12.072459
94885,952,12.074562
13189,4,12.081123
31072,15665,12.081248
1885,20766,12.082488
17477,4,12.087020
16117,63064,12.087343
40874,20,12.089124
23747,5,12.093235
2153,17,12.096853
9089,4,12.097058
68706,74,12.097150
63462,17271,12.097487
33661,79,12.097506
83821,5,12.099405
1628,294,12.100779
10045,79,12.102951
3991,5,12.103411
41203,3283,12.104485
88970,4,12.113387
25446,8,12.113977
27664,4,12.114302
56862,593,12.115401
19197,96242,12.115472
78946,74,12.121123
77880,44978,12.122081
39745,5,12.126256
98691,2227,12.127022
94139,5,12.135053
8299,5,12.136635
896,23747,12.141596
28702,5,12.143174
47978,975,12.146798
19209,19184,12.148424
8780,79,12.149541
12963,50,12.152833
35348,3823,12.153305
4800,17,12.156140
95046,473,12.157270
15489,13189,12.157571
1141,8,12.161964
10964,6885,12.163161
22108,17,12.166649
89584,11,12.167645
71409,79,12.167667
18642,14737,12.168332
23780,79,12.168535
92306,20766,12.169595
7161,68,12.172668
34715,1402,12.172896
23473,5,12.182604
47616,93,12.183412
19958,22,12.188261
81615,13652,12.188323
96252,294,12.189380
47412,7688,12.190662
6419,17,12.190922
4512,79,12.197266
431,50,12.197388
16444,4,12.198402
72543,657,12.201258
21173,3250,12.202088
29203,11,12.203244
12053,93,12.209381
98770,22,12.209648
513,8,12.210019
25713,4,12.210374
38514,14292,12.212002
58827,6419,12.213794
11825,431,12.215788
75248,44306,12.218154
20911,79,12.219597
2832,8,12.228165
41574,79,12.232952
7092,4,12.235641
131,1635,12.239641
49648,5,12.244317
32166,2227,12.244847
70045,60565,12.244949
37244,93,12.248491
4316,64358,12.250503
1951,8,12.252725
51010,8,12.253586
3137,79,12.256416
8468,4,12.257279
39,165,12.261786
82657,13070,12.274257
45,45357,12.279218
22099,77687,12.280541
81643,25791,12.281210
1845,10532,12.284755
32603,4512,12.290571
90140,8,12.291081
87489,13896,12.293989
48095,8,12.294957
25178,79,12.295576
82561,3247,12.299853
46346,28702,12.303666
608,4,12.304393
75115,1885,12.305242
34035,17,12.306197
53502,148,12.307568
46540,5,12.308145
461,22,12.310900
19059,39,12.311081
31274,2431,12.311751
17824,79,12.312827
35391,4,12.313283
96889,513,12.314247
285,20,12.315089
20182,1628,12.315256
17055,195,12.316222
55308,5,12.322226
2938,20782,12.331657
58033,4,12.332424
3099,4,12.333323
53700,17,12.333436
385,1744,12.334694
1558,3250,12.335062
36944,20326,12.335138
5874,50,12.335812
38013,8,12.337643
11617,29203,12.341465
0,6792,12.342774
86387,1477,12.346079
25197,4,12.346940
60878,55589,12.354301
43172,0,12.357995
61132,77880,12.360025
91987,20,12.361726
1654,5103,12.364864
8398,45,12.365503
19347,10045,12.368285
20749,1090,12.368602
50528,2227,12.372623
2,4,12.376375
62396,2,12.377414
86015,39,12.378517
1460,0,12.378554
4948,1885,12.383340
98438,8,12.383497
31108,20,12.384809
18563,2227,12.390702
8486,2,12.392989
69593,4,12.393823
1331,17,12.395998
35280,2,12.399160
89205,1141,12.399197
3207,41203,12.399422
83879,50,12.404179
54435,1845,12.410658
10702,326,12.411253
61385,2,12.412506
47533,47957,12.416405
73411,896,12.418304
1459,882,12.418496
43633,2,12.424067
66321,96483,12.424628
17655,1331,12.427554
60886,5,12.427885
71203,39,12.428201
50106,2,12.431542
15914,10863,12.432990
81657,94885,12.434975
70402,22159,12.435848
11716,896,12.436980
90598,5,12.441725
31130,4,12.442282
17282,3247,12.443373
40921,6282,12.446240
25964,79,12.448313
11455,473,12.448521
23323,4,12.456103
8065,1628,12.456714
81913,10964,12.457807
255,4,12.460299
42792,57962,12.463365
24064,2747,12.465684
15125,68,12.465791
88928,148,12.466144
2113,1459,12.469254
21188,0,12.469823
40348,4,12.473836
72430,9844,12.474890
13780,79,12.480051
22089,17824,12.481082
6,1443,12.481299
99139,2,12.484248
8819,79,12.485037
41329,148,12.488725
19842,4,12.489548
45274,657,12.490433
41863,0,12.491639
25948,39,12.492393
40531,50,12.493360
71207,131,12.494771
44544,8,12.495258
25104,2747,12.495883
68070,11825,12.498144
1857,17,12.498999
80341,2,12.500902
3981,2,12.500903
7975,34083,12.501134
5888,6,12.501615
51862,8468,12.503697
8490,2227,12.506789
5151,59506,12.507235
76540,6337,12.507281
6617,2,12.508257
4418,240,12.508502
61269,22,12.511033
2429,2,12.511794
8904,3778,12.513060
26229,39,12.514641
22749,39,12.515046
32050,608,12.515823
64542,6,12.517669
20323,4,12.521071
98826,22,12.521781
77,6,12.523728
8900,608,12.524461
37,0,12.524942
43698,975,12.525905
4624,2747,12.525931
14290,4,12.526634
1070,6,12.527392
86851,663,12.527636
10468,4,12.530564
91897,5,12.530932
76010,5,12.530972
3930,2,12.531604
8905,743,12.532886
1277,294,12.533047
16182,6,12.533418
83642,2747,12.533853
82970,4,12.534045
3665,2,12.536761
29631,3250,12.537430
53519,0,12.539215
59760,1785,12.546891
1876,8780,12.548541
63075,5,12.548885
88087,3981,12.548892
63798,255,12.552286
31962,17,12.554235
36484,22,12.554701
2827,4,12.557120
1165,8398,12.557875
28080,2727,12.559707
38028,82997,12.560216
4833,22,12.562589
7567,761,12.563894
29342,4,12.566981
22153,39,12.567875
354,6,12.568909
13478,6,12.569249
24865,2,12.572616
5315,20,12.573250
1085,53502,12.577268
53143,37,12.578203
60720,326,12.578850
77157,22,12.581849
66906,954,12.585696
55696,79,12.586768
56264,3137,12.586875
13183,22749,12.587510
190,22,12.587647
84530,1845,12.588050
2869,2,12.588419
81944,3823,12.588442
49502,0,12.589350
22617,1277,12.589853
3041,326,12.592758
69437,11,12.592935
69232,2,12.593117
1038,2,12.595350
41866,5,12.597394
24459,4,12.599041
34861,2,12.599240
8122,25658,12.599952
5855,4,12.605339
28341,11,12.607382
98,4,12.607579
6162,79,12.609023
27951,5,12.609970
69306,2,12.614188
54220,1157,12.614992
4960,2827,12.617631
6713,2,12.618164
3784,354,12.619780
5307,5,12.620180
40907,4,12.621694
3493,3823,12.622407
43687,1951,12.625078
339,77,12.625836
22793,7567,12.627440
9106,663,12.629715
86780,743,12.630595
30606,354,12.631381
4710,41329,12.631636
55519,17,12.635844
5194,5,12.636166
88695,11,12.636433
19383,4,12.637537
19393,2,12.640089
1901,27966,12.640919
19160,18387,12.641607
68035,3283,12.644117
88234,2938,12.644781
57880,339,12.644964
29748,255,12.647204
93591,1845,12.647423
61,2,12.647670
7849,11,12.649078
9991,50,12.649145
18053,5,12.649776
9744,15665,12.649813
91061,16298,12.652106
36078,354,12.652195
10073,37,12.652238
4835,8085,12.652288
91304,2,12.655465
82118,3099,12.657890
53323,339,12.659982
25830,77,12.664518
21044,4,12.666632
4671,2429,12.667933
84099,79,12.670169
26506,20749,12.670267
17559,3232,12.670898
37530,79,12.673005
2722,2,12.673091
17889,21044,12.673592
18735,2,12.677359
177,1165,12.678276
10660,5,12.678812
797,6005,12.678814
64950,255,12.679214
64827,98691,12.679239
13571,131,12.680424
5060,5,12.681528
16464,896,12.682145
417,6,12.682242
14239,13740,12.685265
31584,0,12.686391
40570,0,12.686804
1257,45,12.687149
46372,4,12.687314
34105,326,12.688012
3856,315,12.688208
7907,2,12.688656
53225,6,12.689050
45367,4422,12.689116
24166,5583,12.689172
24022,22099,12.689293
73345,2,12.689368
33284,74,12.689976
6860,3387,12.690021
5695,88928,12.692174
98966,6,12.694491
66919,5888,12.694535
12851,196,12.699222
66883,0,12.704448
438,4,12.705621
55064,2,12.711897
60072,2,12.712552
5880,77,12.713512
57171,1460,12.714601
33414,1157,12.715611
56324,13850,12.716338
5688,22,12.716928
95385,4,12.718293
15332,1090,12.721762
2717,34376,12.721846
64260,4,12.723139
39152,608,12.723941
65897,6,12.726185
1168,37,12.727308
56,50,12.730058
98428,6,12.730687
57816,35053,12.731948
9907,1038,12.732877
31057,3778,12.733997
13269,74,12.734361
26298,77,12.735342
50340,33743,12.736516
89866,0,12.736837
57701,55064,12.738146
4067,138,12.738314
253,77,12.739345
90753,17,12.739726
48149,663,12.739801
49132,74,12.742509
14091,56,12.743012
6978,896,12.744595
45401,339,12.744898
10194,190,12.744992
2016,1070,12.747358
182,4,12.747505
3,6,12.747844
33546,17,12.747910
27876,93,12.749654
56641,1876,12.750761
89219,5,12.752314
31935,10660,12.756233
13785,20,12.757839
4355,1277,12.758833
1215,23323,12.759315
56347,6,12.761345
83934,3,12.761631
1132,81913,12.763322
28665,339,12.763433
82778,190,12.763772
4302,17477,12.764570
75836,240,12.765024
91721,315,12.765807
34370,461,12.767014
97110,14091,12.767690
96036,2938,12.768144
98569,3778,12.769540
96486,3,12.770200
72124,3,12.770817
15730,56,12.771848
26865,3,12.774055
68495,190,12.775721
859,8,12.776060
56692,4,12.777696
5638,5194,12.778362
38850,3751,12.778535
50638,39,12.778995
7291,87654,12.780777
20368,0,12.782775
273,6,12.783927
79142,264,12.785298
56205,10890,12.789295
1644,2113,12.789384
28078,4,12.790568
28424,2,12.792178
81830,62,12.792509
81948,54220,12.793121
1399,593,12.794260
24604,1635,12.794881
15641,20730,12.798389
7119,39,12.798962
13155,39,12.799112
95695,7688,12.799321
94012,22089,12.799332
64239,1459,12.800004
92609,797,12.801935
22521,438,12.803635
5676,4,12.803985
536,5194,12.804764
11536,37,12.805002
3309,37,12.805916
59105,52086,12.810337
5594,354,12.811048
44193,19197,12.813438
52447,37,12.815337
6730,8,12.816108
1249,3,12.819454
76941,2,12.820669
13,0,12.820915
92813,0,12.823051
89772,1399,12.823354
3675,4,12.823434
13356,6,12.823648
4303,1399,12.824260
2122,13,12.825769
81353,190,12.826293
2527,13,12.827293
59249,138,12.827553
1597,2,12.830641
74369,17824,12.831192
47394,4303,12.832755
40011,41866,12.833465
99572,4,12.833668
13310,39,12.833844
9399,98184,12.835490
5736,1165,12.836307
19090,0,12.836574
200,5,12.836946
516,27951,12.837477
52641,1085,12.839746
42682,0,12.840501
690,6838,12.841276
73107,896,12.841291
77318,8,12.841787
48112,131,12.842208
16327,37,12.842575
50717,3,12.843303
57368,23838,12.844420
91898,6,12.846361
29401,5,12.846380
51989,4,12.846575
33766,253,12.847957
38072,3,12.849326
71220,56,12.849624
38006,0,12.850295
95158,3714,12.850604
75859,2177,12.852678
41193,14290,12.853736
42008,1644,12.854771
62001,13,12.856775
57202,4,12.859425
59514,2,12.859617
46647,10702,12.859788
36764,7567,12.860528
63890,294,12.861416
54338,17,12.861827
33246,27241,12.863528
12311,52447,12.864506
5904,339,12.865310
903,326,12.866151
42465,294,12.868088
46306,13,12.868241
23666,88970,12.869074
13535,5315,12.870610
23961,94641,12.870910
93141,28560,12.871016
6706,2,12.871703
52167,22,12.872523
20128,18259,12.872575
13442,1090,12.873575
34915,3231,12.873742
55976,61,12.876201
12281,2,12.877533
51649,17,12.878822
66156,56,12.879535
8884,797,12.879925
20149,5,12.883184
26521,1845,12.883880
42997,11,12.886087
45196,6337,12.886171
38761,22,12.888031
25045,9089,12.888324
70196,1038,12.888395
71146,7688,12.888710
17438,69814,12.889176
17984,62,12.889393
10319,7688,12.890036
4023,3823,12.890049
6256,2122,12.892001
12928,1558,12.893412
217,56,12.894233
82483,22353,12.894867
60909,4907,12.896800
22986,315,12.899802
4925,17055,12.900937
6724,13,12.902575
1484,39,12.902925
82528,3,12.904333
13728,0,12.907129
2995,14029,12.907347
18771,6,12.907389
68543,0,12.908198
65398,17,12.910544
1245,2,12.912700
36530,13,12.914666
2078,13,12.917572
36544,1558,12.918450
56356,13,12.919466
11247,15125,12.923955
472,138,12.924198
223,3,12.928877
34022,77,12.929224
47926,5,12.931487
19190,22159,12.933024
9787,11024,12.934359
17223,37,12.934596
93351,23961,12.935048
20944,13,12.936790
58607,5,12.936893
5559,6,12.938438
93788,17,12.939549
63239,20,12.939646
76178,2,12.940017
73842,0,12.940245
22314,2,12.940731
27144,859,12.941070
17892,52641,12.941078
39617,6419,12.942036
26211,8904,12.942989
61370,79,12.943300
12,43633,12.943698
28119,13,12.943789
99076,79,12.946546
6357,690,12.949018
24428,56641,12.950176
36090,4,12.951885
128,1628,12.952259
5898,1090,12.953882
14360,48176,12.954370
13664,3719,12.954418
2550,3759,12.955025
243,6,12.955060
86,2,12.955296
5027,6,12.958943
55469,13,12.960357
53342,1085,12.960397
8959,8,12.961771
86951,26707,12.962082
7077,8122,12.963197
43955,18735,12.964151
5885,5,12.965421
71867,41994,12.966319
41162,7688,12.969815
2202,77,12.970334
88441,26229,12.970883
63695,5594,12.972471
76193,3,12.974206
12378,36530,12.974593
70765,12,12.978955
43642,13,12.979288
60809,39,12.979928
42445,6,12.981133
18276,17222,12.981842
33297,2,12.985049
42517,6318,12.985299
17037,2,12.987323
12946,0,12.987648
36019,165,12.988118
40540,79,12.988378
57017,138,12.990642
4796,2,12.991566
17275,7688,12.991699
14306,19393,12.992603
48417,7291,12.992606
75497,28078,12.993302
81895,3,12.994730
31875,77,12.996834
61205,3,12.997424
60770,5315,12.997707
56997,128,12.999370
53424,8,13.000579
16948,3041,13.001294
62274,26229,13.002828
12560,3,13.003258
12944,6885,13.004125
58429,1876,13.004409
9806,3,13.007026
2880,1484,13.008661
36850,53590,13.009076
38629,56,13.009225
38780,3823,13.009974
5335,1951,13.010183
30261,128,13.010506
2384,7975,13.010550
4108,1460,13.010812
90434,39,13.011065
33345,74,13.012370
17859,598,13.012412
87344,7876,13.013604
4234,657,13.015333
64367,2,13.015431
46066,13,13.015761
1346,165,13.016744
59124,2880,13.017744
52683,56,13.018039
19557,4817,13.020079
56135,56915,13.020391
62240,5,13.020648
18824,2938,13.021303
97572,3,13.021521
616,13,13.021744
63516,5,13.022013
44850,56,13.022546
47595,17037,13.023741
4750,2938,13.024107
7,78946,13.024226
19808,50,13.025252
62440,608,13.026574
28373,3,13.027003
61651,3,13.027871
375,3930,13.028042
1000,23780,13.028650
53805,2,13.030477
17624,3,13.030799
58516,5,13.030983
2601,1443,13.031897
13085,20,13.032726
70037,43955,13.033371
54844,7,13.034107
78891,1090,13.034569
80684,196,13.034696
15004,11,13.036268
43056,17892,13.037681
5950,536,13.037746
12558,8,13.039283
81077,56,13.039582
6117,3,13.040098
95977,5,13.040391
43100,8,13.040703
49260,13,13.041478
12142,6162,13.041939
60727,72408,13.043336
12107,0,13.044026
48699,79,13.044816
10449,472,13.045126
59986,3,13.045409
48276,375,13.045852
86953,20,13.048141
3994,4,13.048996
8883,3427,13.049555
61122,2869,13.050649
12141,60878,13.051624
96094,6,13.051769
26833,59249,13.052546
5715,3,13.055650
24272,8,13.056959
54739,27951,13.058883
60998,61,13.059632
1821,33661,13.059994
76713,362,13.060490
33228,20,13.061533
80963,5,13.061842
36913,975,13.062730
24717,13,13.063117
155,37,13.063263
97600,2,13.064036
14212,7,13.064692
10346,240,13.065482
13616,177,13.065852
3576,1460,13.066930
31110,22,13.067405
51459,2,13.067973
97920,5715,13.068023
25465,0,13.068816
66165,1484,13.070102
61552,4108,13.072448
61427,1821,13.072603
90545,11948,13.072707
6235,217,13.073001
95290,536,13.073763
20132,27664,13.075916
62629,4,13.076065
43104,5594,13.076281
8629,4,13.077456
1235,4,13.078381
14464,199,13.078465
58142,20749,13.079020
2841,2,13.079870
18317,11948,13.080037
75542,12,13.081028
9305,22,13.082499
19066,2,13.082591
73634,14464,13.083139
60514,264,13.086111
42284,243,13.088451
20426,4023,13.089286
47061,4303,13.090384
2733,13,13.090906
19645,1459,13.091151
83164,17,13.092465
8250,2,13.092772
5062,13740,13.092941
53446,4068,13.093320
70245,11,13.095032
1180,6235,13.095384
16943,14306,13.096984
144,273,13.097352
7682,77,13.098190
83585,19197,13.098229
14124,8883,13.098279
26815,264,13.098323
13446,6,13.099676
53015,20896,13.100181
44,0,13.100906
12789,2495,13.101079
4151,339,13.101426
3953,743,13.101840
61638,2550,13.102450
37281,5,13.103174
34153,1000,13.103394
26971,199,13.107733
545,243,13.107984
57498,17,13.108356
2923,138,13.108508
26013,74,13.108655
70671,326,13.108972
37075,13,13.109828
51233,1070,13.110928
62654,0,13.112232
17767,253,13.113899
14756,6235,13.113909
16727,9744,13.114234
24050,37519,13.114284
89907,1157,13.115089
71434,13,13.115180
61768,3,13.117275
10504,616,13.117288
96261,50,13.118178
57790,3,13.119042
5905,39,13.119162
11069,3137,13.120275
21620,0,13.123218
49219,11,13.123250
1225,243,13.124003
19156,13,13.124744
6328,13,13.128455
84281,4512,13.128740
77640,128,13.128901
64920,375,13.128977
58883,5,13.130738
5786,89772,13.130988
99034,516,13.131081
9950,1141,13.132675
78028,56,13.132726
85323,7,13.134207
87679,62019,13.134902
99331,5,13.135207
88,50,13.135611
7946,954,13.135854
8448,3,13.137444
22423,33284,13.137841
46821,5,13.137971
2855,7,13.140343
64032,144,13.140466
12616,663,13.141159
78,3,13.142592
570,37,13.143765
6355,1157,13.143914
23675,12,13.144604
1772,7,13.144979
51590,199,13.145940
19086,243,13.146017
703,7,13.147016
64467,375,13.148882
36478,4,13.149048
87390,6337,13.149593
64088,88,13.151666
46960,45,13.151753
53655,663,13.152261
98563,5335,13.154176
23964,10017,13.157627
3951,6,13.158280
19613,51989,13.158343
31846,6357,13.158427
23460,25104,13.159187
5086,13,13.159210
4340,29342,13.160864
18309,473,13.161623
38484,39,13.162090
2618,22,13.162719
41297,0,13.163292
28961,93591,13.163610
35891,3,13.164012
66307,190,13.164599
64204,5,13.165116
90553,4925,13.166028
1269,608,13.166200
66518,2,13.166618
6559,4,13.166734
3878,56,13.166856
72648,13,13.169238
1476,4,13.169341
93484,190,13.171624
47883,77,13.173558
95141,13356,13.174172
11254,243,13.174195
856,0,13.174403
15945,2,13.174417
46539,417,13.174754
345,5,13.175369
6481,40540,13.176088
9125,13,13.176483
15139,294,13.178271
135,1346,13.178612
3968,22,13.180299
5464,81657,13.180391
15633,5577,13.180861
37391,1845,13.182621
65995,6,13.185885
11488,536,13.186612
1779,1141,13.186882
1626,7,13.187189
88513,17,13.187633
45819,37,13.188353
281,31072,13.188374
38,6,13.188811
82790,39,13.189266
56705,53519,13.190791
33945,975,13.191031
51400,13,13.197859
78978,3722,13.198780
82942,7,13.200519
21583,148,13.200845
65578,9787,13.201228
16278,79,13.202035
9546,690,13.203028
13905,1597,13.203488
25134,4960,13.203893
72364,47957,13.203985
2576,5,13.205233
45863,2431,13.206841
15481,2,13.208334
58766,2,13.208492
81232,13615,13.208960
14319,3041,13.209149
15150,240,13.209257
23839,17,13.210086
9469,8,13.210743
2254,77,13.211783
20706,255,13.212152
79531,138,13.212953
21705,2,13.213206
50899,27966,13.213232
52936,4108,13.213362
98227,281,13.214608
12992,78,13.215452
32635,182,13.215817
6698,3,13.217192
5217,2,13.217218
40979,255,13.218081
77209,46990,13.219486
66080,3,13.219836
553,2202,13.220774
32335,1476,13.222125
6640,196,13.222294
10578,11716,13.222763
30647,155,13.223205
13923,253,13.223386
63724,896,13.224811
7570,47394,13.224953
72651,903,13.224984
22549,3981,13.225676
17589,93,13.226198
15391,9125,13.226517
28706,196,13.227090
25425,7,13.227555
36549,2,13.228086
52715,196,13.228667
10116,38,13.230293
85234,431,13.230421
37771,7,13.230514
2460,5,13.231612
33513,954,13.232433
59270,4,13.232871
27642,190,13.233904
1379,16464,13.234673
15330,5594,13.235069
50516,79,13.235426
21545,13,13.236545
84338,8,13.238282
13130,28080,13.239087
529,33546,13.239135
303,431,13.239888
58648,1157,13.240125
1327,39,13.240437
93656,17,13.241316
62495,22,13.241417
69,12,13.241608
15047,6640,13.241868
7333,17,13.243029
24823,11247,13.243873
74596,1626,13.244187
51667,13,13.244467
75270,3,13.246451
26909,2,13.246672
9085,7,13.247208
13910,608,13.248989
12125,8448,13.250720
23786,17,13.251487
67079,46821,13.252090
12267,3,13.252981
37485,24459,13.253615
4271,128,13.254726
85789,4,13.254788
35952,1070,13.255629
100,13,13.256870
11669,56235,13.257131
13184,5335,13.258582
10519,593,13.259741
29504,3137,13.260186
60463,74,13.260587
70019,529,13.262207
20974,8,13.262709
12478,8122,13.262868
2565,1225,13.263606
89099,1399,13.263902
12344,975,13.265546
16026,13,13.268570
94104,326,13.269010
55429,12995,13.270579
18880,3,13.270614
67367,36183,13.271390
41888,11,13.272563
6165,5855,13.272636
61078,53225,13.275665
7780,5855,13.276200
42131,6,13.277499
53710,6,13.279530
82442,39,13.280480
83364,12,13.280950
75699,12,13.282004
93608,1644,13.282682
91632,12281,13.282814
782,3,13.283427
1824,2,13.283788
6059,516,13.284005
3866,56,13.284471
19028,999,13.284540
53227,223,13.284717
39491,1876,13.285187
30225,17624,13.285625
40694,19090,13.285674
14163,3231,13.286876
39281,8,13.287957
66506,6,13.287962
6364,8250,13.288027
39875,17859,13.288781
64302,36850,13.289115
7075,38,13.289734
18291,9469,13.289952
724,859,13.293144
94401,79,13.293659
12609,12344,13.295228
16088,339,13.296153
2274,177,13.297283
43540,1476,13.297708
17710,2274,13.298335
43435,7,13.298649
19423,38,13.298775
38722,15047,13.299042
21851,5103,13.299356
19695,13,13.299787
36307,3232,13.299796
68690,7567,13.300364
44513,4302,13.300494
63313,345,13.301733
53279,17,13.302367
24536,79,13.303190
1511,354,13.304151
15375,2938,13.304680
2235,51862,13.305016
2907,7,13.305225
37081,3,13.305661
13209,10017,13.306440
55066,472,13.306535
13182,5,13.306882
87696,2618,13.307879
46556,4271,13.308439
75622,13,13.309544
23827,12963,13.309641
42270,0,13.310119
13600,782,13.310338
69094,7,13.312382
73513,79,13.314076
9965,165,13.314203
18822,39,13.314756
74426,42131,13.314976
3138,2,13.315680
59671,339,13.316608
87800,93,13.318603
54143,3,13.319069
6605,1399,13.319078
96377,79,13.319412
16607,3,13.320565
695,7,13.321312
34197,3930,13.322177
14885,13,13.323007
69636,4,13.323932
15518,12,13.324263
17727,2460,13.324987
3633,7,13.325939
17538,2,13.326516
65994,2122,13.326640
1638,14091,13.326816
77557,4745,13.326959
16539,82528,13.327072
32666,31274,13.327198
82275,3,13.329701
58048,85384,13.329725
2892,663,13.330675
36494,93,13.330729
41540,22305,13.330932
13792,77,13.331265
62373,6,13.331790
32468,5,13.333853
64687,472,13.334922
77757,12,13.338291
58344,22,13.339184
87379,4835,13.339954
18961,6838,13.340062
78651,782,13.342211
15407,3,13.342297
78592,3099,13.343902
5870,1235,13.344779
56978,38,13.345340
60528,13,13.347011
44215,5,13.347441
15437,7,13.347780
68183,93,13.347873
17632,7,13.349695
5286,39,13.349748
59681,5870,13.349994
18945,4,13.351319
11417,131,13.351555
38883,1165,13.351778
16902,13,13.351848
22448,0,13.354202
40578,25104,13.356375
2231,2,13.356652
7569,12141,13.357040
62453,7,13.359324
2398,859,13.359402
27447,7,13.359660
10622,12,13.359829
13411,10890,13.362555
11064,896,13.363673
18994,1157,13.363780
68120,39,13.364078
55713,8,13.365324
8389,339,13.365850
47446,165,13.366262
35190,6165,13.368492
57170,354,13.368861
40778,33661,13.369915
4941,2892,13.369975
27158,4151,13.370097
6504,4,13.370739
8387,11,13.371116
16455,165,13.371141
48380,5,13.371216
19720,0,13.371715
64573,6,13.372453
14420,2,13.373250
22715,87390,13.374829
70,3,13.375383
99299,7,13.377185
5166,39,13.377635
111,24166,13.378371
90350,5,13.378672
68513,8884,13.379086
53830,79,13.379489
75535,21188,13.379731
28359,88,13.380380
12591,856,13.380452
4003,131,13.382962
73179,882,13.384732
19739,5151,13.385344
62750,79,13.385764
15129,13,13.386197
5560,3,13.386522
15967,375,13.386532
19910,6,13.387306
81318,264,13.387733
87735,6337,13.388483
5686,12,13.388546
13543,7,13.390959
1480,240,13.391534
48495,2,13.392717
3492,47595,13.394544
90937,516,13.395244
42180,2,13.395687
8587,6,13.395816
69260,2122,13.396286
94881,44,13.396382
29988,2733,13.396875
785,10660,13.397574
33045,29342,13.397637
694,13,13.399350
249,12,13.401352
75549,724,13.401983
44992,24717,13.402946
9685,2995,13.403111
48891,3722,13.403143
3630,50106,13.403209
376,6,13.403693
6332,13792,13.403784
28887,593,13.404220
10286,1038,13.404323
64512,3,13.405318
80804,69,13.405558
12207,3,13.405877
104,79,13.405981
27718,12,13.406184
5543,529,13.407159
2927,13,13.407721
95326,86,13.409359
56151,88,13.409701
50056,5,13.414854
1570,26865,13.415814
51175,15150,13.416035
7045,896,13.416150
95504,7,13.416208
49975,4,13.417757
21294,253,13.419360
5172,15004,13.419822
91630,13,13.420574
52626,3283,13.421486
65986,6475,13.422847
24837,5,13.423172
27,8959,13.423306
83503,56,13.423532
7338,2,13.424808
57860,6419,13.425069
8471,50,13.425502
94163,13,13.425542
81342,12,13.426208
37121,315,13.426547
12050,6,13.426584
25350,2,13.426761
2421,4,13.427419
78587,0,13.431731
110,10890,13.431737
99794,138,13.432627
17373,0,13.433344
67813,3,13.434447
1081,553,13.435136
61050,69,13.435748
3101,516,13.436270
11131,593,13.436528
26330,6337,13.438388
1231,8471,13.438611
8603,37,13.438735
4308,3,13.438817
97262,9806,13.441114
5099,3207,13.441770
7751,339,13.441878
40533,10890,13.444839
77253,35891,13.445714
9732,22,13.446230
93742,616,13.446288
25270,2,13.446315
72163,15518,13.446598
9166,0,13.447141
52719,243,13.447509
21141,2,13.447554
16588,4835,13.447641
91810,86,13.447681
27419,1824,13.447816
81520,15363,13.447908
60433,53614,13.447979
312,2,13.448397
31974,0,13.449130
3010,23839,13.449289
83755,1558,13.449517
55674,2565,13.450071
51316,5543,13.450725
94350,0,13.450859
6827,12,13.451321
21194,431,13.452355
9355,2,13.453881
872,13189,13.453975
1408,8,13.454191
1902,138,13.455810
1100,6,13.456232
2287,199,13.456264
58199,44,13.456648
2952,657,13.456727
36509,1215,13.457008
53394,14737,13.457539
36695,743,13.457622
26421,20766,13.457782
47646,294,13.458028
90307,5905,13.459210
84773,6082,13.459961
97641,199,13.460122
19447,5,13.460278
94119,1845,13.462824
323,7,13.463414
2838,17,13.464033
1534,690,13.464493
2391,1824,13.464589
27295,144,13.465536
20187,2,13.466292
1220,61,13.468145
11187,13,13.469249
86555,7,13.469499
32628,55976,13.469723
18347,376,13.470160
73650,1951,13.471281
20176,55066,13.471957
3658,6,13.472395
2170,1570,13.473029
22653,2880,13.473278
96864,4068,13.474536
6592,11,13.474804
92554,14737,13.475218
70022,6730,13.475578
6982,56,13.476236
12740,77,13.476692
63195,69306,13.477466
15907,323,13.478074
42526,3309,13.478281
90,98,13.479214
62706,62,13.479475
2325,12851,13.479749
31221,90,13.480023
1516,111,13.481013
2816,312,13.482967
45781,53342,13.484192
60096,13,13.486130
4600,0,13.486996
11203,111,13.487959
25237,22,13.488553
1568,2,13.488599
42994,9732,13.489344
91965,896,13.489439
20986,70,13.490366
47125,12267,13.491243
989,694,13.491489
98065,5,13.492136
3447,14306,13.492159
29874,545,13.493799
30,68,13.494103
21055,2927,13.494960
71907,323,13.495053
8120,5874,13.495872
53731,2797,13.498185
33294,303,13.498258
73031,30606,13.500027
27373,4,13.500860
47842,74,13.501070
65579,695,13.502318
89160,2162,13.503136
33030,4023,13.503330
395,99076,13.505087
21875,2717,13.505457
52421,6,13.506372
81892,1857,13.506663
3500,6,13.507565
52272,7,13.507897
5803,1628,13.508661
9831,882,13.509135
80917,323,13.509760
8985,3,13.509855
21142,761,13.510037
5212,323,13.511462
69972,62654,13.512024
45993,64062,13.512309
855,74,13.513615
10234,2177,13.514659
27909,62,13.514702
99156,5,13.514772
26,27,13.515317
4586,2,13.515546
119,6059,13.516070
26639,2816,13.516674
72,12,13.516756
21443,0,13.516758
45069,5855,13.517819
33677,4,13.519409
29942,1845,13.519705
4858,177,13.520613
1021,3,13.521705
60972,12,13.521709
2686,78,13.521911
92163,7,13.523302
78212,110,13.523600
83243,13,13.523688
6175,240,13.523809
12964,4925,13.523873
93702,461,13.524206
98355,1000,13.525322
33038,3,13.525465
51874,12378,13.525487
30014,4,13.526693
6329,536,13.527689
420,1249,13.528552
12612,7,13.528591
7186,12,13.528798
92477,5855,13.528860
63525,954,13.529753
47294,536,13.530081
99594,7,13.530688
21036,294,13.531116
149,13,13.532480
4093,56,13.532562
40676,7,13.532994
40794,76941,13.533051
81827,10519,13.533486
41,2686,13.534599
31310,438,13.534841
21966,1821,13.535101
47704,13,13.535124
50875,243,13.536204
37449,2995,13.537528
37682,1225,13.537747
3594,1157,13.537842
1748,3,13.538087
9944,5543,13.541439
71214,315,13.542395
31439,420,13.543678
53557,438,13.544076
1189,4,13.544277
13730,55713,13.544663
97304,13,13.545542
16491,1000,13.546214
1864,12,13.546520
2215,608,13.547065
77931,312,13.548003
34514,47294,13.548805
96505,10875,13.549774
60849,5874,13.550474
28672,4,13.550843
18669,420,13.551410
227,6,13.551634
25952,26,13.552245
55556,8900,13.554355
5619,616,13.554531
4446,8468,13.554889
31775,46821,13.555812
21810,593,13.555951
2028,12,13.556377
67124,40540,13.557930
32942,6175,13.558452
14488,5,13.559814
4963,17,13.560502
99880,5,13.561035
2314,12,13.561197
90791,3,13.561616
94701,243,13.562612
19256,13310,13.562628
55250,79,13.564200
25145,1000,13.564971
18496,77,13.565230
5021,975,13.565233
10509,3427,13.565602
2351,3,13.566263
51605,0,13.566774
19873,4,13.567779
4276,0,13.568781
73221,1638,13.570864
96669,12,13.571485
48572,7,13.571681
49274,7,13.571978
42804,12,13.572346
1256,281,13.572724
33256,17767,13.572839
80302,1215,13.572866
37861,6,13.572934
7290,3981,13.573907
71813,13,13.574026
90051,6,13.574139
16357,3,13.576322
27265,4600,13.577985
73088,6256,13.578185
18280,62440,13.579009
61678,3,13.583516
2359,41,13.584705
93663,431,13.585815
66073,12,13.586912
6151,48417,13.590959
32737,0,13.591149
2143,38,13.591364
16039,4858,13.591397
1009,90,13.592437
11610,7291,13.592658
12881,553,13.592812
8043,2,13.593527
27016,50,13.593775
22839,354,13.593795
7548,2722,13.594402
6899,13728,13.594532
944,6,13.594658
24501,1570,13.594667
8867,1141,13.595041
53370,12,13.595852
74099,312,13.596625
2988,2,13.597217
96282,90,13.597785
23589,17282,13.598282
75469,3779,13.598297
47952,99894,13.600962
90402,0,13.601663
46436,6,13.601702
2873,50,13.602721
13974,952,13.603065
37177,110,13.603729
47260,10496,13.604462
2035,5855,13.606091
5250,420,13.606339
43068,12,13.606403
7205,1901,13.606780
39932,43100,13.607828
30439,5786,13.608714
1547,13,13.608969
7821,79,13.609126
86868,13,13.609360
31661,65578,13.609399
65908,1644,13.612487
9849,944,13.613126
17046,4023,13.613298
95987,1457,13.615246
27716,19090,13.616448
13424,323,13.620583
22454,616,13.621579
64036,15633,13.621895
57722,2855,13.622164
90349,13,13.623615
32035,2,13.624757
6135,22,13.625724
31871,4,13.625950
5667,18563,13.626058
70105,4418,13.626570
48956,1009,13.627658
89621,3772,13.627697
4440,6,13.628250
33759,13,13.628951
7053,856,13.629635
37228,21545,13.629660
175,41,13.630782
1052,4925,13.631473
83390,38,13.632092
53600,339,13.633598
3305,13,13.634134
61675,8,13.634330
5747,61,13.634928
2532,5,13.636683
714,110,13.636780
19748,4,13.638581
36513,13,13.638652
19021,196,13.639742
2530,2,13.640071
67533,4340,13.640157
35353,2028,13.640586
54046,2078,13.641213
45098,1845,13.641407
66525,22,13.641461
29290,131,13.641789
14230,12,13.642443
92456,12,13.642886
35879,553,13.643167
16519,12281,13.643826
15389,39,13.643996
20253,944,13.645196
30515,22,13.645697
9046,3,13.646290
2490,5559,13.646309
72884,1189,13.647394
22925,2143,13.647675
56421,27951,13.648104
8652,5695,13.648653
59354,12,13.651178
28673,3,13.651191
37908,1249,13.651447
33821,714,13.652446
58198,38722,13.652983
2497,4773,13.653610
6042,3,13.653623
68015,110,13.654925
12419,13424,13.655048
49660,77,13.655674
72640,72,13.657047
48741,13728,13.658084
46756,4276,13.658170
52031,4512,13.658736
51157,23323,13.659126
78506,49192,13.659642
86035,7,13.660169
21483,31661,13.660376
24436,69,13.662430
94049,80684,13.662998
99115,135,13.663073
1350,2,13.663246
53209,3,13.663348
26083,17589,13.663502
80317,15945,13.663582
45604,1824,13.664209
46264,69,13.664211
18770,1052,13.665714
34439,20368,13.666129
28309,2,13.666189
84463,7,13.666830
60407,36530,13.667096
43392,14230,13.667674
29534,94808,13.669075
98003,12560,13.669218
8934,1779,13.669296
97065,16278,13.669340
8709,20,13.670786
45318,1009,13.671449
3671,944,13.671489
23709,6,13.671799
5584,138,13.672907
2088,72,13.673125
5550,2,13.673533
42406,323,13.673562
49062,68690,13.675790
8453,6,13.676209
8218,3493,13.676480
14330,12344,13.677094
18000,2952,13.677694
9715,3991,13.677706
29887,3,13.677772
1041,13,13.678467
76062,3951,13.679230
17518,16902,13.679866
1725,50,13.680457
344,60720,13.680962
64286,36203,13.681493
6908,7,13.681803
60603,3138,13.682948
48218,2391,13.683354
23335,2,13.683381
1968,110,13.684072
22473,1845,13.684735
9131,375,13.685128
6173,4941,13.685850
57544,199,13.686461
7892,3,13.686967
22892,975,13.687135
35393,223,13.688540
70058,8468,13.689293
22388,354,13.689945
47015,13,13.690021
8939,516,13.691733
3999,43955,13.692421
3163,17,13.692493
18419,55064,13.693209
25127,4600,13.693307
59707,41,13.694434
29669,7,13.695327
11036,1568,13.695833
95233,69593,13.696139
24947,8387,13.696235
84714,1511,13.696824
3972,12,13.698601
4495,98,13.699468
85298,4302,13.700334
21922,25045,13.701076
23174,3722,13.701240
55346,714,13.701622
96972,41833,13.701887
68031,3,13.702005
53016,2869,13.702673
33538,395,13.704559
70639,11825,13.704776
67312,4,13.705335
28441,1157,13.705498
27676,1100,13.706968
52854,281,13.707576
69970,13,13.707833
38287,6,13.708851
2315,22651,13.709517
7549,22,13.710090
32530,3,13.710483
79906,165,13.712070
27329,3,13.713392
30770,1399,13.713720
16349,71907,13.713902
10184,37,13.713917
77065,1189,13.715601
59820,2995,13.715676
2479,2,13.716316
6799,4355,13.717131
22034,6,13.717491
99858,29401,13.717531
29298,1558,13.717792
9612,50,13.717871
7398,5,13.718841
17366,743,13.719657
1763,79,13.720104
5983,40943,13.720123
19366,13,13.720744
20772,724,13.720980
40000,3671,13.721572
61867,13,13.722045
43434,2,13.722048
33216,5667,13.722320
8294,21483,13.722668
70383,7,13.723800
48450,1597,13.723889
56254,3,13.727935
10245,3,13.728171
44395,9685,13.728387
184,2565,13.729041
2711,593,13.730193
1943,2351,13.730607
54164,1763,13.730811
49069,1558,13.730880
97753,896,13.731070
3470,339,13.731103
36871,797,13.731589
81676,31962,13.732356
72212,420,13.732740
57780,7,13.732787
8035,3,13.732910
30608,66165,13.733504
45566,144,13.733524
32348,11203,13.733689
70921,1654,13.734267
81790,375,13.734435
259,9991,13.736371
48894,7946,13.736613
22518,12,13.736686
15351,22,13.736916
77924,4925,13.737357
88052,56,13.737357
80409,6,13.737696
85982,3968,13.739452
85136,12,13.741486
87119,8,13.742462
99523,1399,13.745621
95207,3,13.746216
96659,33661,13.747475
73955,17,13.747799
31395,3,13.748334
91804,3671,13.748892
25963,56692,13.751039
82523,10532,13.751083
47024,22,13.751619
15983,240,13.753046
43880,14239,13.754225
4043,50,13.754605
65253,88,13.757309
36039,8,13.758545
70554,44,13.759612
523,2841,13.760180
48034,5,13.760531
224,690,13.761230
7003,4,13.761423
20119,62240,13.762608
12786,7,13.763245
30570,12995,13.763456
16135,60072,13.763501
57636,856,13.764020
3509,536,13.764658
279,79,13.765837
37553,243,13.765931
90426,27353,13.766121
57774,7,13.766230
53524,18419,13.767234
373,5,13.767748
9261,12,13.768371
43124,39932,13.768778
22639,13,13.769187
24973,7,13.771848
2079,855,13.773171
93226,6419,13.773213
22304,5870,13.774631
64236,2,13.774906
27347,2,13.774931
33083,5,13.775059
7058,1547,13.775523
4640,119,13.775685
13000,3163,13.778185
96365,26211,13.778411
14115,8065,13.778757
47809,98003,13.778985
524,7,13.779486
68208,2314,13.779986
20114,90,13.781200
34827,44,13.781407
4497,2,13.781492
90760,657,13.782520
37520,77757,13.783471
72258,2,13.784026
74583,243,13.784063
6543,13070,13.784310
39654,0,13.784634
30121,3,13.785383
64944,312,13.785812
35096,3633,13.786398
92843,9744,13.787062
7861,3722,13.787135
56499,11,13.788161
61758,30,13.788162
73144,69,13.788193
16649,4,13.790419
36213,79,13.791204
28370,2,13.792182
55422,1748,13.792333
30785,74,13.792675
33625,13,13.793373
89728,6151,13.793780
70697,1943,13.794101
2449,5,13.794272
87463,240,13.794574
23313,41,13.794933
17551,1052,13.796527
8915,2907,13.796922
52434,8448,13.797520
76960,11,13.798166
9552,22,13.798384
1465,18994,13.798447
52169,36078,13.802861
26082,593,13.803964
25356,255,13.804848
26277,536,13.804906
49023,4,13.805938
10962,1235,13.807676
36566,2254,13.809062
22699,8,13.809228
60175,6899,13.811152
25561,22,13.811364
14438,20,13.812011
71880,6571,13.812342
96966,593,13.813654
66319,999,13.814554
23980,2,13.814626
44284,39,13.815109
75,20,13.815138
12444,7688,13.815208
4148,1597,13.816400
2648,31775,13.816672
91,71409,13.817199
1655,79,13.817235
51,11,13.819142
64736,196,13.819440
28044,8867,13.820540
68046,87119,13.821618
5540,128,13.822146
43524,5983,13.822950
18853,2,13.823867
19865,144,13.825304
21596,31057,13.825637
1701,177,13.827224
15902,2,13.827305
20851,1638,13.828020
5325,37,13.828599
36255,42131,13.828603
15468,420,13.828842
29250,4148,13.829468
66718,1009,13.831202
27065,4271,13.831317
13963,536,13.832758
47440,32530,13.834222
820,26267,13.834401
632,78,13.834727
5801,9685,13.835010
27621,20,13.836061
86408,4,13.836437
15984,86035,13.836554
89495,11064,13.838350
86221,2,13.838451
82289,6282,13.839590
1890,420,13.841302
382,5577,13.841579
7607,69593,13.843481
27381,7378,13.844334
51765,2028,13.844521
78438,3671,13.844809
2451,785,13.845199
17621,8398,13.846224
91276,6282,13.846408
65914,51316,13.847206
11166,6,13.847301
25564,119,13.848895
622,68120,13.850129
57753,1070,13.850288
21887,339,13.850549
84236,5335,13.850905
2240,75,13.851304
63028,144,13.851825
12892,50,13.852654
7374,50,13.853622
38954,38761,13.853684
14982,5786,13.855997
17421,339,13.856149
16944,5855,13.856629
16604,144,13.857138
28655,93,13.857214
44604,10782,13.857346
8776,2,13.857598
1118,43434,13.858200
54678,15351,13.858665
35705,88,13.859209
4639,3470,13.859320
44285,1399,13.859656
18134,51,13.859937
67110,13130,13.860238
1448,4,13.861207
55205,12,13.861258
38311,3,13.861881
78338,56,13.863057
12904,2235,13.863281
12075,7,13.863387
15625,2711,13.863711
69683,3,13.864418
76295,14330,13.865076
333,64367,13.865180
24994,12612,13.865425
58131,855,13.865433
17156,41,13.865625
33298,1399,13.866464
558,7747,13.867272
37778,224,13.867296
2824,7,13.867411
11495,3,13.868393
29254,8,13.868900
95302,78651,13.869073
4241,7,13.869731
47927,17,13.870336
23195,975,13.870386
94834,3,13.871176
31829,13,13.871205
81565,144,13.871682
45763,2,13.871752
7237,45274,13.872059
96646,45,13.872696
46085,3999,13.873238
286,13,13.873266
6473,657,13.873719
62986,281,13.874091
51630,0,13.874826
11788,616,13.876077
2579,3714,13.876280
21456,255,13.878070
31038,2838,13.878343
36037,69,13.879919
82260,903,13.880025
52418,5577,13.881785
35361,15641,13.882558
11547,724,13.882699
37826,1568,13.882710
3574,2824,13.883591
71648,63122,13.883990
1237,119,13.884799
452,2,13.885139
79254,326,13.885304
40564,4,13.887319
86419,19873,13.888202
167,131,13.888880
57950,2648,13.889113
35853,1141,13.889559
4138,21036,13.889609
86618,12,13.890306
11217,2855,13.891165
88372,4138,13.891872
90107,135,13.892811
48912,1399,13.893034
80419,29504,13.893133
50743,196,13.893645
40306,1189,13.894646
314,3041,13.895503
42749,24975,13.896119
63262,1484,13.897082
88001,196,13.897101
58640,10346,13.897721
651,39,13.898552
66094,44,13.898982
82104,12609,13.899017
9092,2,13.899254
64759,2869,13.899764
32876,11,13.899858
80645,0,13.901540
46717,13,13.901660
65695,2,13.901781
2847,1459,13.902111
61471,1000,13.903238
91661,39,13.903796
88060,395,13.904553
153,4276,13.904556
28162,27241,13.905002
4548,41,13.905327
7734,38629,13.905738
98585,184,13.905918
93835,2816,13.906103
9139,90,13.906205
1735,2,13.906412
94284,5786,13.907655
2624,165,13.907782
70782,7,13.908141
4101,20896,13.908658
50630,15468,13.909863
83707,3,13.910300
10326,1638,13.910493
84934,48417,13.910518
57367,119,13.910547
2343,743,13.910828
14653,18280,13.911239
4261,149,13.911668
69551,1735,13.912044
12879,9844,13.912548
1844,52854,13.913797
14299,2841,13.914106
38085,3,13.916295
450,12623,13.916424
46872,21875,13.916660
60374,57589,13.916827
63957,4548,13.917471
210,7,13.917798
34287,1215,13.918288
6394,3953,13.918849
22116,8,13.918888
61519,395,13.919874
643,7,13.919930
33173,5103,13.920250
76726,165,13.920256
43235,38,13.920795
1287,2,13.921086
28670,165,13.921719
1062,39,13.921972
62068,29874,13.922388
9592,200,13.922731
34675,12,13.923896
25943,13424,13.924326
19421,3778,13.924355
4236,20,13.925331
19332,69,13.926284
10756,7,13.926532
34087,9125,13.926817
4834,38,13.927512
10739,690,13.927623
218,6,13.927928
71729,243,13.928266
31702,5,13.928406
18726,32737,13.929938
22220,165,13.931823
90067,5,13.932459
11634,1638,13.932712
43766,51630,13.933326
90804,3,13.933487
59948,218,13.933974
82255,9261,13.934112
8363,34439,13.934237
927,473,13.934698
80295,1237,13.934892
88740,285,13.935969
13321,1180,13.936101
910,724,13.937013
16597,7,13.937193
2498,4446,13.937392
11227,20772,13.938109
5919,190,13.938250
59,22653,13.938289
5525,33513,13.938778
83904,13535,13.939099
20205,255,13.939749
5558,32628,13.940665
56377,33945,13.943042
168,2162,13.943078
48932,21922,13.943215
2288,13,13.943313
71008,3,13.943949
41903,29203,13.944271
5210,17,13.944676
97565,1465,13.944791
10652,529,13.945003
30452,227,13.945681
1171,17624,13.945966
60658,1477,13.946652
495,7567,13.947535
1696,68035,13.948232
90801,60433,13.948545
11620,1132,13.949868
24008,243,13.950454
5687,69,13.951671
40905,47015,13.952846
41518,7077,13.952932
484,11,13.953868
55566,42792,13.954082
3049,51,13.954165
64705,2122,13.954185
1807,6617,13.954269
220,820,13.954924
88844,5,13.956160
20889,536,13.956854
78637,35853,13.957125
5544,199,13.958090
13009,7734,13.959532
53473,3101,13.960144
27988,22,13.960404
9980,4835,13.960847
5697,1237,13.961048
4349,695,13.961073
66590,333,13.961944
59886,2,13.962419
20006,5099,13.962806
84590,88,13.963133
89676,4148,13.963356
54049,38,13.963603
6521,110,13.963961
3988,220,13.964705
67095,22089,13.965046
93874,59,13.965729
96289,281,13.966246
43810,68070,13.967233
16763,6860,13.967415
69192,6419,13.968313
22401,593,13.968466
37715,8603,13.968787
8659,1821,13.969248
29579,148,13.970161
22129,75,13.970625
42393,5747,13.971244
76319,1460,13.971670
35611,15967,13.972005
19857,8267,13.972752
59313,2550,13.972829
83725,52715,13.972919
53305,165,13.973237
72394,3999,13.973305
67891,25952,13.973430
14549,41,13.973535
96370,2907,13.973684
52886,64736,13.973685
12002,2079,13.973801
68820,13652,13.974418
37967,29631,13.975431
170,37,13.975579
60544,91,13.976336
4535,33677,13.977481
93531,4,13.978158
2092,32635,13.979040
86372,39,13.980031
7027,11,13.980035
12661,13,13.982223
19451,38954,13.982296
52323,138,13.984242
38709,7688,13.985350
37022,382,13.985459
63204,3,13.985551
4084,111,13.985786
2064,168,13.986650
50201,0,13.986897
11321,6908,13.986924
66608,56,13.988209
19144,77,13.989067
480,13,13.989501
27032,90,13.989592
4602,1516,13.990375
5917,90,13.990608
1432,632,13.992145
24616,10449,13.992256
43731,21545,13.992424
16918,4151,13.993274
67947,12789,13.993884
20043,3,13.994138
27194,18280,13.994383
64866,7,13.994610
20993,74,13.994948
6102,743,13.995955
47859,1021,13.996517
24628,376,13.997404
33184,1864,13.997504
34896,17046,13.998151
2687,523,13.998351
58943,25124,13.998692
17794,9950,13.999885
19805,253,13.999939
98101,59,14.000685
76933,11247,14.000770
31776,8867,14.001360
17261,48572,14.002509
40040,15332,14.002780
2548,1821,14.002913
22325,11,14.003070
4365,2869,14.003291
52717,8389,14.004295
33467,100,14.004349
7455,7,14.004357
9242,41297,14.004623
49669,2384,14.005012
12230,13,14.005411
599,6328,14.005438
34706,315,14.005458
76873,11825,14.005490
47471,13,14.005586
47033,13,14.006167
79139,38514,14.006314
32494,450,14.007751
27180,5,14.008031
18644,616,14.008088
16140,5067,14.008272
86241,45993,14.008329
95214,856,14.008443
10421,153,14.008467
23120,24768,14.009051
8365,975,14.010766
69379,220,14.010843
73568,7656,14.011325
3224,69,14.011769
1972,286,14.012382
22511,12,14.013578
950,19156,14.014025
66602,19695,14.014162
54082,599,14.015840
16231,15503,14.016232
62163,5558,14.016814
98031,79,14.019012
19170,7,14.019345
158,2,14.019430
6336,12,14.019454
56292,1772,14.019471
5205,3,14.019550
2257,5715,14.020470
99173,17156,14.020661
19398,2235,14.020875
20098,7,14.022099
27527,128,14.022243
52536,19086,14.022516
93070,8120,14.022614
72845,872,14.023471
6001,632,14.023746
34213,131,14.024005
3652,5695,14.024075
22995,110,14.024638
3008,12125,14.024669
48367,3010,14.025059
29485,78506,14.025106
80224,7058,14.025181
20518,86953,14.025438
35146,7,14.025635
568,59,14.026548
89320,53143,14.026868
11928,22,14.027815
60814,6,14.029150
43241,928,14.029311
87403,41162,14.029390
38633,13,14.029991
129,4340,14.030469
17566,420,14.031270
88767,1225,14.032002
22615,452,14.032011
84940,41,14.033208
45623,22749,14.033804
2526,7,14.034238
65471,13,14.035028
16293,111,14.035376
43427,135,14.035530
1896,12,14.036751
51117,77,14.037724
5458,79,14.038491
16941,2824,14.038880
75671,9261,14.039019
61118,19447,14.039410
12911,35096,14.039960
77311,344,14.040122
62529,51,14.040176
97687,72364,14.040632
2808,859,14.040732
81217,39,14.042890
20917,88,14.043706
46558,2078,14.043750
9075,1220,14.043837
15442,1432,14.044457
46914,5325,14.045010
49888,333,14.046337
45585,41162,14.046491
47920,14464,14.047047
21193,19613,14.047805
88496,5,14.049151
85555,484,14.050263
5823,55556,14.050313
32372,7,14.050797
9,7,14.050966
41861,79,14.051072
4288,3,14.051202
1997,3509,14.051285
56266,4,14.051834
55339,12141,14.051865
15877,190,14.051998
53891,2797,14.052311
48679,4,14.053246
22201,13792,14.054804
10038,339,14.054860
681,420,14.054940
27752,651,14.054947
80879,69593,14.055310
28000,13,14.055449
15629,523,14.056261
18415,4,14.056313
35,1885,14.056567
5184,78,14.057798
1335,100,14.058514
31054,1654,14.059645
1937,4,14.060121
74255,27180,14.060221
60204,2841,14.060980
58059,724,14.061150
40970,1597,14.061310
81347,859,14.061772
99482,39,14.062063
6301,79,14.062350
31216,536,14.062713
30766,2,14.063317
58040,78,14.064575
99104,59,14.064970
857,5,14.065630
34215,616,14.066771
90367,41,14.067150
4920,1511,14.067415
4698,5905,14.067748
5431,39152,14.067956
8920,95290,14.068068
12036,5,14.068168
81943,59313,14.068312
425,13000,14.068966
2800,2451,14.069085
29303,41,14.069204
10105,88,14.069659
80353,16948,14.069982
23255,29725,14.070062
4051,2227,14.070081
7674,6,14.071445
20718,35,14.071465
10241,2,14.073171
575,13,14.073345
18523,2797,14.073487
517,438,14.073690
24142,37771,14.074105
20373,2687,14.074200
11271,6,14.074920
82767,165,14.075524
51496,13034,14.076300
10374,47859,14.076689
94044,35,14.077057
20189,45069,14.077976
33840,1655,14.078241
89466,2035,14.078327
34433,17046,14.078876
71587,6117,14.078889
36068,7975,14.078942
93028,72674,14.079322
78693,5558,14.079688
18271,144,14.079947
9427,59,14.080965
96631,31054,14.080986
54514,7058,14.081659
2602,110,14.083219
1270,56,14.083447
77525,74,14.083569
86443,13,14.084194
6528,339,14.084415
8145,5897,14.086767
2555,77,14.086875
35142,1235,14.087416
15314,4773,14.087690
91604,111,14.089120
71824,85982,14.090243
26354,279,14.090280
93085,6165,14.090608
1016,77,14.090847
23333,6394,14.091058
1271,6,14.091228
87782,2177,14.092435
77842,2235,14.092620
57426,39,14.093498
10729,8,14.094133
6780,220,14.094260
49793,47481,14.094522
73037,785,14.094734
58771,495,14.095140
83516,37449,14.095482
17082,12,14.095833
15160,40000,14.096803
38635,13850,14.097591
15,7,14.097900
33867,2927,14.098065
78766,3,14.098550
96906,1408,14.098755
7568,480,14.098853
39354,76010,14.099343
27367,45,14.100006
15661,6,14.100085
22762,67533,14.100644
50540,2555,14.101043
71775,153,14.101152
993,6,14.101589
4978,22081,14.101643
12327,431,14.101646
71476,5060,14.101685
81178,66590,14.101805
39447,2711,14.102450
24422,2431,14.103608
44905,3,14.103926
20265,16491,14.104182
916,553,14.104914
95040,281,14.105451
1945,5874,14.106414
10248,6,14.106936
70179,68031,14.107139
2318,0,14.107552
28,59707,14.108538
25388,68,14.108981
74107,39,14.109092
54886,74099,14.109239
32276,2314,14.109415
57682,28078,14.109585
91136,373,14.109677
19684,7,14.109690
74546,41,14.109846
39724,63166,14.111072
79075,314,14.111269
239,2,14.111937
60718,882,14.111948
424,3099,14.112524
22437,88,14.114867
95050,3247,14.115347
47363,7,14.115890
42893,1945,14.116267
37482,1844,14.116539
8007,743,14.118820
8998,2,14.118890
78863,1844,14.119047
55103,15,14.119672
85337,79,14.120353
40060,2,14.120579
49600,12928,14.121555
5204,77,14.121692
28282,13792,14.122329
27106,2498,14.123510
185,35,14.123519
30015,17,14.123966
22264,20,14.124572
52739,59,14.124702
68494,15139,14.125014
21841,41,14.125863
40493,6419,14.128188
24137,5021,14.128485
515,88,14.128601
35373,1511,14.129210
37274,259,14.129896
20123,8629,14.130315
12948,314,14.130515
65785,339,14.130638
36639,37,14.131753
40521,19695,14.131963
35859,35373,14.132325
501,20,14.132427
96919,4093,14.133168
8952,56135,14.133388
16092,3470,14.134457
92408,227,14.134912
31175,5594,14.135544
90548,3,14.136974
76436,91,14.138129
93211,8952,14.138518
63557,3492,14.140229
573,71729,14.140529
54448,27158,14.140641
17048,37,14.140776
36152,345,14.141184
15382,88234,14.141206
46388,4093,14.142256
57360,7,14.142310
2441,3,14.142420
84501,4,14.142813
71218,1052,14.142934
67119,5584,14.143989
75603,5,14.144101
44792,170,14.145184
1418,694,14.145733
85111,41,14.145863
3002,5,14.145950
42255,8652,14.146522
31934,3953,14.148145
5226,312,14.148512
7897,15914,14.148568
56561,119,14.148859
73317,93874,14.148874
56834,4750,14.149696
78022,240,14.149775
71756,315,14.150330
35132,1951,14.150432
28416,7821,14.152283
32323,39,14.152973
98443,165,14.153396
80886,1335,14.153952
6918,3447,14.154116
828,6521,14.154500
22594,18406,14.155773
13282,3,14.155802
34139,5204,14.156121
64347,13730,14.156524
31025,345,14.157097
52730,3972,14.157402
405,6,14.158102
25201,1638,14.158567
56484,8,14.158737
3459,12,14.158938
88235,38,14.159004
74655,264,14.159374
45847,4,14.160412
79036,7,14.160701
71300,41,14.160841
33410,975,14.160893
53459,2,14.161787
57483,13,14.162704
38630,5,14.162836
23483,6175,14.163452
79512,15984,14.164332
17516,1484,14.164507
2360,999,14.166192
35938,87344,14.166225
14028,4,14.166982
4559,17,14.167079
1720,2314,14.167113
46708,2227,14.167701
31560,1235,14.167755
162,1511,14.167769
20048,19086,14.170022
10382,5335,14.170208
16661,2565,14.170313
2052,12,14.170659
3412,294,14.170669
10557,38,14.170973
14690,420,14.171172
97012,31560,14.171557
1482,2824,14.172123
49881,12616,14.172754
32,7,14.172868
22361,3,14.172897
609,175,14.173483
8432,4,14.173753
54956,69,14.173996
38861,2240,14.175615
18836,2,14.176950
39912,3,14.177732
14167,75,14.178010
13511,79,14.179007
85114,13,14.179365
87031,170,14.179567
63033,23195,14.180066
11737,3759,14.180091
16202,536,14.180818
277,78,14.180848
10131,6,14.181848
7893,158,14.182003
3830,26,14.182457
78654,15,14.182586
88478,12,14.183610
37721,9242,14.183635
71073,31310,14.183661
2592,100,14.183883
42912,1418,14.183887
23818,1484,14.184185
83613,4138,14.184516
10497,4495,14.184699
5965,501,14.184995
3605,2855,14.185397
19358,190,14.185400
81717,1821,14.185582
16640,2052,14.185603
983,6,14.186081
3149,88,14.186516
3935,19028,14.187365
35329,21922,14.187393
21269,11634,14.187897
70461,3,14.188608
49568,110,14.189046
1953,2,14.189160
45914,12,14.189767
91559,44,14.190206
142,999,14.190453
30038,11825,14.190509
8795,1220,14.192979
31724,26229,14.193494
83251,516,14.194078
24695,7567,14.194158
36324,15967,14.194612
28460,703,14.195386
24884,12,14.195592
2340,71587,14.195628
80469,3,14.195715
63767,60878,14.195871
32091,1271,14.195957
54465,3492,14.196013
10620,6730,14.196756
83355,425,14.196987
13461,3719,14.197198
53670,79531,14.197305
16538,26277,14.197596
11557,9092,14.198091
81050,16182,14.198622
11950,91,14.198813
6616,4108,14.199773
3604,40905,14.200510
853,3,14.200899
64391,5686,14.201381
72469,53305,14.201847
31688,53225,14.202123
94358,2555,14.202271
14688,1457,14.202326
62232,4941,14.202882
38631,4920,14.203587
11759,168,14.203826
31305,2122,14.204615
95568,69972,14.205089
64988,37,14.206535
489,13,14.207160
8259,51667,14.207914
70561,49568,14.208064
34402,323,14.208335
8053,88,14.209303
17683,26,14.211309
75027,2,14.213010
59649,373,14.213075
80518,20043,14.213274
63322,2686,14.213744
35063,38287,14.214243
11268,144,14.214349
87283,111,14.214374
28208,13130,14.214743
10881,29887,14.215548
53511,529,14.215824
2374,1070,14.216328
7100,473,14.216397
31918,9261,14.217148
33455,294,14.217442
16405,28108,14.218234
91937,5670,14.218366
3210,110,14.218388
29898,6282,14.218748
2308,2,14.219295
49468,2497,14.219527
7302,190,14.220042
5478,170,14.220180
18444,2869,14.220262
45611,3671,14.220437
59110,63033,14.220802
56986,3823,14.220932
17161,10702,14.220974
20233,7,14.221063
23889,43810,14.221253
73772,80684,14.221402
2290,84236,14.221861
939,27,14.222561
56182,54046,14.222579
34591,3492,14.223308
19057,4,14.224443
56106,25564,14.224652
15860,2,14.224863
6465,7,14.225418
17643,111,14.225940
18486,2,14.226183
62494,48429,14.228533
32960,168,14.231500
19683,438,14.232278
91907,7,14.232627
301,5,14.233340
13636,5021,14.234885
7414,43810,14.235133
52080,5,14.235441
3012,13571,14.236233
47850,3500,14.236948
3086,2,14.237446
85423,2,14.238275
38364,94104,14.239805
32046,13792,14.240450
3550,243,14.241757
86487,952,14.241769
22289,354,14.243017
5482,199,14.243262
94322,3999,14.243720
95858,5060,14.243728
32834,4,14.244386
3542,21705,14.244525
839,536,14.244769
15358,59,14.245017
86349,13664,14.245156
29749,29725,14.245480
70465,19873,14.245952
25534,2,14.246381
74786,165,14.246711
327,13,14.246982
6857,1225,14.247819
65969,6,14.248436
90837,616,14.248933
59586,916,14.249023
42995,3988,14.249467
1895,7,14.249568
31740,8819,14.250385
40793,5464,14.250840
25239,3099,14.250843
44360,184,14.251031
4957,3,14.251197
42041,96966,14.251236
85783,15,14.253046
49145,5801,14.253259
80826,13,14.253421
45032,501,14.253578
35455,420,14.253802
15783,616,14.254138
5489,220,14.254903
541,5,14.255236
65913,47294,14.255273
40216,94049,14.255999
25529,1476,14.256319
7806,135,14.256627
46,2,14.256649
32100,18053,14.256667
25007,3542,14.256735
70512,8065,14.257484
717,312,14.258045
36431,13652,14.258530
73377,294,14.258569
65943,382,14.259324
25779,2170,14.259350
5147,7,14.259448
70654,2122,14.260036
88483,339,14.260190
66776,9685,14.260193
7589,5489,14.260517
91084,18853,14.260780
73812,45781,14.261876
7562,20,14.261928
16935,3012,14.262896
35129,184,14.263875
8970,3,14.264053
5203,68,14.264392
4384,83934,14.264769
39552,21193,14.264775
46500,4068,14.265117
7315,59,14.265133
3558,2733,14.265631
30771,17,14.265746
47722,79,14.266064
11016,2315,14.266665
23228,4418,14.267576
10793,4,14.267841
18806,5619,14.267945
55980,12,14.268319
88515,33821,14.268794
61417,11166,14.269026
6023,1735,14.269668
24556,609,14.270737
19955,39,14.272033
1207,46,14.272955
49618,643,14.273360
83196,4288,14.274297
73,38,14.275164
85132,35,14.275265
3907,95977,14.275446
32957,7,14.276358
4444,259,14.276964
702,9592,14.276986
201,3,14.277473
58582,131,14.278044
93489,17037,14.278692
92332,2747,14.278732
59949,40564,14.279869
29606,286,14.279932
28340,2618,14.280200
4270,14885,14.280805
6710,2,14.281007
69399,1885,14.281060
83178,6,14.281806
46838,2,14.282552
86469,13,14.283045
68252,1225,14.284191
73064,1720,14.284372
73383,7,14.285449
8185,797,14.286864
12224,46,14.287367
21557,450,14.288039
538,375,14.288829
9651,3,14.288890
27671,30225,14.289804
16550,3309,14.289948
17592,128,14.290012
40361,44,14.290435
12899,3675,14.290514
57373,47294,14.290939
16446,39,14.291185
3052,797,14.291416
4712,59,14.292453
36111,495,14.292607
23684,872,14.292637
28101,7,14.292950
35792,1748,14.293365
94825,35142,14.293845
4397,74,14.295414
11736,828,14.295538
43784,1171,14.295963
38572,495,14.296200
29008,2,14.296319
26888,1460,14.298424
20231,32,14.299085
9450,6,14.299451
59054,2555,14.299731
22097,12050,14.299928
97776,294,14.300186
42888,75,14.300623
13497,0,14.300920
19,9849,14.301161
65833,15129,14.302139
56082,8214,14.303772
39929,1287,14.303968
4775,196,14.304180
32321,17201,14.305807
27578,9089,14.306094
46640,1189,14.306206
15741,2235,14.306983
84689,480,14.307813
34917,523,14.308090
64453,480,14.309025
1241,616,14.309103
28319,59,14.309434
28054,312,14.309552
78048,86,14.309577
36434,7119,14.309743
19077,495,14.309983
20322,524,14.310148
18429,6,14.310790
28037,12904,14.310890
89786,243,14.311437
83998,63557,14.312509
76583,220,14.312529
61535,7806,14.313179
1859,28424,14.314151
6017,148,14.314382
76672,1052,14.314675
65168,41,14.314722
24800,10248,14.314899
26765,0,14.315949
15472,26707,14.315995
46727,2711,14.316982
45597,859,14.318042
79140,13,14.318282
31823,2391,14.318321
90559,32,14.319173
50408,16278,14.319371
21580,22,14.319587
10905,11,14.319683
75198,690,14.319964
988,15,14.320067
4916,30028,14.320098
10911,184,14.320253
78211,12,14.320332
678,417,14.320705
17612,1744,14.321675
38309,4711,14.322662
44434,59,14.322887
82862,7302,14.324135
24838,5917,14.324311
1682,373,14.324439
4329,2429,14.325046
46401,14091,14.326119
525,5,14.326644
63279,5,14.326922
12807,2,14.328128
42554,1807,14.328137
19313,15,14.328271
29350,22,14.329746
18922,55250,14.329865
68359,17201,14.330361
24231,22,14.330554
14015,10496,14.330679
33104,618,14.330977
23072,61,14.331602
48752,15741,14.332018
768,1021,14.332240
64458,2,14.332743
68102,28101,14.332858
98224,11557,14.332881
209,312,14.333029
18875,553,14.333172
88748,110,14.333713
84323,13,14.333910
80155,344,14.334241
14007,2240,14.334500
2197,4,14.334614
11921,1245,14.335000
16481,575,14.335054
55452,385,14.335356
1422,545,14.336454
38470,20730,14.336556
191,2,14.336605
94827,303,14.337990
6557,4,14.338054
19465,2,14.340079
8590,15,14.340341
17274,11217,14.340508
68094,4365,14.340640
275,782,14.341087
78791,62,14.341928
27931,148,14.343386
11031,286,14.343561
21195,420,14.344671
69288,42893,14.344819
23159,2,14.344910
12994,80074,14.345278
2520,10497,14.345369
46619,7,14.346787
57391,131,14.347078
71563,43540,14.347743
66016,1654,14.348237
25052,57780,14.348461
6138,568,14.348580
82408,9552,14.348946
28243,253,14.349340
84790,1597,14.349414
52,39,14.349813
83601,73842,14.349909
46184,2122,14.350392
36427,16943,14.350559
90230,2,14.351173
45742,144,14.351786
58936,0,14.351800
69067,13850,14.352060
45534,32666,14.352156
93544,6162,14.352376
11120,35,14.352487
28251,1269,14.352679
87011,3247,14.352702
61672,12002,14.352713
38878,22448,14.353587
60839,7,14.354587
30482,28887,14.354713
24715,25779,14.354741
23908,153,14.355431
36480,9552,14.355511
42945,93,14.355586
90290,11,14.355636
4828,312,14.355822
11042,38,14.356260
86993,44992,14.356656
39202,75497,14.357571
610,20,14.360155
29495,90,14.360203
11990,253,14.360554
57559,22,14.361194
62564,41,14.361249
16584,6706,14.361375
20748,182,14.361508
64721,312,14.361974
11014,12964,14.362446
45834,743,14.362549
21692,281,14.362581
79499,36871,14.362799
5666,1516,14.362819
20406,50,14.363048
18113,1511,14.363572
11961,323,14.363871
38500,273,14.364536
82497,75,14.364815
12501,8,14.364822
77708,40578,14.365526
40382,185,14.365631
36945,24142,14.366862
26432,2,14.367720
75519,2855,14.367914
413,3387,14.367940
10207,8185,14.368672
49113,480,14.368757
13790,70765,14.368866
7358,2343,14.368912
71457,49062,14.368917
48682,4698,14.368931
88953,1009,14.368943
10169,3,14.369486
73621,24823,14.369586
38290,859,14.369618
3615,663,14.369857
32058,31875,14.370063
59952,0,14.370412
1091,5558,14.370414
1084,438,14.370550
28386,5,14.370720
78504,111,14.370814
96270,7,14.371292
76643,1016,14.371595
47600,6175,14.371917
18182,129,14.372349
6752,6710,14.372354
95091,13535,14.372544
95798,59,14.373097
79680,1235,14.374195
21658,4003,14.374367
37043,516,14.375111
25509,7,14.375263
3122,339,14.375320
57162,3,14.376027
978,13,14.376448
27878,3,14.379048
36823,1220,14.379534
82145,5,14.381118
43114,4,14.381130
6712,19,14.381267
3337,32,14.382703
12604,51789,14.383464
5312,12789,14.383503
36500,119,14.383841
1487,5,14.384105
28292,2907,14.384164
78995,18415,14.384955
85051,36500,14.386301
30265,1277,14.387271
78091,13,14.387593
50602,690,14.387753
84157,1943,14.388196
41058,1402,14.388431
2090,7,14.388476
15176,1763,14.388739
24877,57498,14.389388
45793,48450,14.389837
31049,702,14.390162
1286,6023,14.390632
44210,4703,14.392483
12954,450,14.392748
65512,35,14.393196
2140,18419,14.393276
17813,10881,14.393696
31329,158,14.393934
50675,168,14.394213
4988,1465,14.394305
84921,33467,14.394813
31445,38,14.394952
35807,56,14.394998
58630,50,14.395729
61277,6151,14.396019
40859,12,14.396814
48184,2927,14.397655
30993,29749,14.397710
44812,20043,14.397833
51296,27158,14.398073
33423,8652,14.399457
41134,286,14.399512
95843,15945,14.399587
4012,323,14.400096
19131,1399,14.400369
66969,11495,14.400789
9908,22715,14.401297
12083,1180,14.401915
30067,3283,14.402374
24061,344,14.402625
67527,7567,14.402626
85638,17,14.403122
53688,431,14.403495
69489,74,14.403582
75701,37,14.403990
78936,16597,14.404380
11750,184,14.404546
471,59,14.404902
2586,38,14.404982
4274,5172,14.405178
16736,2235,14.405858
78023,1157,14.406692
2915,175,14.407602
30102,7,14.407819
7172,28309,14.408235
34430,1748,14.408389
77396,1269,14.408679
21164,1638,14.408870
57429,5,14.408974
2403,3,14.408979
70877,24884,14.410067
35812,279,14.410070
6823,2078,14.410194
44470,529,14.410795
80359,70,14.411030
27314,1744,14.411298
1560,24823,14.411564
71509,12,14.411809
25781,2576,14.411998
14631,405,14.413076
76165,529,14.414013
976,13,14.414547
70366,1779,14.414988
25,375,14.416559
2014,13,14.417120
88079,190,14.417567
51376,30,14.418142
58690,2841,14.418835
79837,36823,14.419017
60689,2892,14.419426
16722,33867,14.419556
280,17,14.419704
38111,280,14.419746
2799,1744,14.419975
49045,6138,14.420401
83160,314,14.420941
1391,314,14.421490
62736,46,14.423015
93184,3,14.423151
53045,4444,14.423171
7613,71008,14.423969
12758,7,14.424475
1722,1270,14.424533
4211,255,14.425357
8360,3349,14.425367
18044,10622,14.425471
77545,7358,14.425883
83056,622,14.426672
2160,4302,14.428927
759,294,14.428954
47276,7,14.429295
21283,50,14.429876
23312,11610,14.430036
5719,25,14.430363
22960,185,14.430381
15261,13790,14.430586
42547,22,14.431728
87593,280,14.431745
71450,135,14.431776
29,38,14.431779
19861,191,14.435206
62531,759,14.435720
84102,177,14.436333
32355,32323,14.436598
17052,39,14.436643
82581,484,14.436649
32051,5747,14.437578
53516,896,14.437747
2610,5,14.438132
78000,7570,14.438246
3723,11290,14.438655
317,280,14.438956
28565,0,14.439601
63681,9744,14.439954
18279,1070,14.440128
75626,2498,14.440531
5982,6605,14.441143
1466,11,14.441451
96962,609,14.441972
46600,327,14.442563
18842,31054,14.443326
1093,17794,14.443940
62808,30785,14.444568
72461,50340,14.445078
3071,651,14.445306
73797,5021,14.446904
306,56,14.447597
8476,6473,14.447856
627,678,14.448025
41874,7291,14.448485
34627,5,14.449236
7249,2841,14.449246
37126,170,14.449747
27349,8294,14.449887
22632,22518,14.450191
46279,515,14.450234
13107,2343,14.450310
62699,58142,14.450805
16657,15,14.450872
79222,11014,14.451199
7039,4236,14.451206
2022,8,14.451628
70817,20043,14.452307
41689,12,14.452712
89657,6,14.453749
22613,375,14.453991
70974,13,14.454899
99987,5,14.454942
66386,2526,14.455028
3619,16405,14.455427
72457,36068,14.456063
16745,111,14.456901
4763,66506,14.457316
3640,4093,14.457324
21566,3099,14.457406
2507,608,14.457434
16,88,14.457479
8216,12,14.457544
96133,13,14.457825
80128,14028,14.457864
89582,190,14.457865
64870,184,14.458249
77884,44,14.458467
74740,5638,14.458662
6052,2290,14.458983
31751,4920,14.460635
85017,4,14.460946
22297,14167,14.461729
84506,7,14.462522
45444,2,14.463104
53172,2,14.463289
32783,6135,14.463541
183,3,14.463912
27178,5205,14.464135
50995,11759,14.464235
11415,29,14.464329
64183,480,14.465832
1639,7,14.466165
68029,2497,14.466410
26776,1091,14.467329
43702,119,14.467575
20302,489,14.468275
55169,724,14.468343
76204,38,14.468523
16535,69,14.468682
20964,12,14.468754
72013,598,14.468816
53843,0,14.468917
15535,1570,14.468935
34682,70,14.470091
19772,88,14.470842
20412,7,14.471020
6614,19,14.471356
2379,119,14.471612
19906,8216,14.471700
22859,11268,14.471923
51281,3,14.472161
9000,2318,14.472206
353,168,14.472232
46317,17,14.472301
40867,5,14.472896
68265,2497,14.472978
4877,167,14.473510
22605,46990,14.473768
23820,312,14.473840
24412,17559,14.476242
4857,1270,14.476628
24335,35391,14.477076
5029,6,14.477542
1405,110,14.477640
46198,3,14.477876
2350,2,14.477910
6630,1207,14.478434
75809,5194,14.479018
19735,200,14.479590
12189,4084,14.480049
33751,0,14.480108
73563,5103,14.480143
57858,88,14.480431
12423,20426,14.480530
60161,1399,14.480630
31867,7,14.481251
47874,2122,14.482439
99844,2,14.482753
305,6138,14.483759
92184,119,14.484615
18076,13,14.485852
2480,4,14.486119
92177,15489,14.486608
77085,50995,14.486795
11918,78,14.486798
21176,853,14.487653
53010,24877,14.488111
68728,41,14.488276
77635,2479,14.488332
2721,7,14.489592
44227,1465,14.489698
43115,3,14.489882
54416,111,14.490036
91252,375,14.490419
40930,1062,14.491332
84354,5594,14.491404
13786,15,14.491440
45063,5464,14.491795
48636,7,14.493720
45843,5905,14.494263
22818,8915,14.494775
35599,2,14.495476
70883,1271,14.496246
45191,1902,14.496331
58820,3283,14.496363
20340,67079,14.496444
4891,4138,14.496611
3899,78022,14.496881
3145,75,14.497066
51007,4698,14.497610
22179,431,14.498555
49415,32323,14.499015
44181,678,14.500089
24578,7,14.500605
68645,6,14.500906
42420,8920,14.501024
58004,41,14.501201
16415,220,14.501608
19135,12,14.501764
2496,690,14.501888
86251,196,14.501926
40286,22,14.502177
1217,593,14.502485
35088,8603,14.503527
16070,345,14.503582
39621,153,14.504092
53343,6173,14.504155
86558,3,14.504539
922,2,14.505159
77437,10248,14.505393
3527,7,14.505930
72966,25,14.506588
61821,2,14.507824
16262,19,14.507988
31542,5950,14.508108
172,37,14.508318
8622,2532,14.508363
78590,944,14.508629
36842,2235,14.508636
37369,17824,14.509602
87243,280,14.509955
9869,280,14.510182
94226,59,14.510579
2397,138,14.510596
64383,5,14.510651
9973,5325,14.511822
68918,8216,14.511859
49480,43766,14.513357
20886,303,14.513467
43466,35,14.513675
5399,183,14.514324
46569,1090,14.514586
2971,77,14.514646
19202,28054,14.514660
46997,129,14.515367
387,190,14.515713
81708,3878,14.515815
591,3994,14.515865
34209,2016,14.515973
92735,31310,14.516243
1819,3459,14.517093
83404,7569,14.517181
46171,7613,14.517295
3435,6,14.517336
1230,172,14.518489
4053,5,14.519268
53233,1090,14.520077
22854,2,14.520313
8790,61867,14.520693
89604,5,14.520729
87726,59,14.520809
434,29,14.521117
45319,11247,14.522016
10373,1418,14.522713
98922,643,14.522730
91129,345,14.523032
7090,6,14.523195
8431,1597,14.523876
88852,3283,14.523996
26749,2532,14.525320
2419,3500,14.526404
41195,27,14.526830
98812,6117,14.526913
2713,37967,14.527004
2146,724,14.527173
36704,196,14.527807
31337,28887,14.527870
46602,22615,14.528014
43440,3101,14.528247
94106,2827,14.528938
8491,609,14.529332
5395,41,14.529340
74739,11271,14.529353
46995,12036,14.529563
28118,3640,14.529934
66119,896,14.530006
11886,9552,14.530048
50505,2,14.531116
77979,12,14.531178
649,75,14.531288
67134,38,14.531599
31197,275,14.531937
33362,129,14.532687
971,286,14.533068
51745,6052,14.534197
45430,32876,14.534222
2472,7058,14.535323
13402,111,14.535637
26204,312,14.535968
43086,0,14.536009
13509,7,14.536117
77018,12,14.537236
11128,354,14.537334
71394,643,14.538603
9508,2480,14.540075
28770,177,14.540086
83419,1217,14.540090
65830,58766,14.540385
3174,2146,14.540821
71967,37,14.540862
40383,4763,14.541247
13355,2,14.541362
32395,303,14.541899
74826,1480,14.542395
11106,1845,14.542581
16445,3856,14.542666
54487,4,14.544006
52262,21283,14.544631
22056,50,14.545349
25629,1220,14.545735
55274,536,14.547272
62347,60886,14.549216
4250,48095,14.549311
63536,16745,14.549513
5806,22,14.549645
30092,76204,14.549651
11683,25,14.549939
80698,24231,14.550037
19637,1215,14.550369
82200,2160,14.550385
35317,11227,14.550951
35385,7562,14.551131
28703,280,14.551880
40051,11545,14.552855
2998,128,14.553240
23743,4,14.553912
72503,32,14.554776
94719,41,14.554777
26191,395,14.556261
97475,20886,14.556301
54881,10207,14.556422
72487,69,14.557294
87046,657,14.557303
67272,5667,14.558660
34,79,14.558868
2437,5,14.559006
56879,19735,14.559085
59386,375,14.559169
50634,573,14.559395
4704,2022,14.559723
85883,35,14.559971
4593,7378,14.560285
58389,6,14.560478
6562,61768,14.560527
1566,529,14.561314
17273,6616,14.561675
1662,989,14.562532
81007,50899,14.563298
18052,12892,14.563360
3983,15389,14.563384
4815,3605,14.563744
90684,30,14.564944
15985,5806,14.565204
3285,46,14.565813
96597,286,14.566059
14782,28000,14.566061
62963,2437,14.566775
1003,0,14.566837
90990,1207,14.566931
93960,77396,14.567049
7623,52,14.567179
6561,10169,14.567246
594,6,14.567513
19125,13310,14.568076
99678,43924,14.568145
68402,12,14.568519
89942,26,14.568831
66751,17,14.570587
29150,200,14.570608
26275,573,14.571401
72631,20851,14.571516
4245,4,14.572342
72428,88,14.572372
18379,609,14.572472
31268,45444,14.572530
60314,111,14.572530
39065,37,14.572887
91635,5,14.573740
95565,74,14.574270
87110,81895,14.574444
399,376,14.574932
43863,39354,14.575373
23739,28416,14.575427
92743,2,14.575801
80675,2841,14.575974
57975,12,14.575992
32480,34,14.576263
28067,3615,14.576406
95366,2451,14.577502
27521,38484,14.577716
14960,259,14.577756
24804,10038,14.577799
5376,2915,14.578455
48729,8,14.578507
231,111,14.578557
61280,5,14.578637
38113,373,14.578721
909,376,14.578791
84079,75519,14.579238
5927,243,14.579858
7145,22264,14.580183
35191,55554,14.581024
1288,8795,14.581037
4795,15,14.581189
48616,413,14.581250
77101,7003,14.581256
39374,90,14.581760
3503,56,14.582475
31066,3665,14.582478
73073,15,14.583095
37292,231,14.583383
11980,5619,14.584264
52130,15,14.584476
53593,18806,14.584617
25067,5695,14.585461
52170,182,14.587490
13274,10373,14.587739
31326,111,14.587936
12885,3951,14.588081
60794,558,14.588327
1957,40874,14.588921
14207,2472,14.589053
34071,119,14.589376
57450,11166,14.589499
40925,7,14.589527
56375,23666,14.589659
57059,12,14.590023
25937,110,14.590310
37172,1744,14.590547
61308,616,14.590961
27035,34,14.591080
84669,60658,14.591190
21299,2343,14.591414
77611,23780,14.591603
1777,344,14.591885
5046,69,14.592405
41002,382,14.592417
96019,3671,14.592419
35986,524,14.592701
75070,3,14.592810
60939,158,14.592982
6966,37,14.593436
672,6,14.593441
85130,3283,14.593726
33260,3972,14.594225
37255,168,14.594456
64728,4,14.595202
33372,1459,14.595535
3669,8,14.595827
33190,0,14.595874
31182,19,14.596031
36319,1270,14.597094
1264,7,14.597841
18063,5,14.598792
23157,678,14.598799
6969,44,14.598821
1027,183,14.599206
96403,18406,14.599559
48132,7249,14.599945
25894,2092,14.600053
38992,6337,14.600382
4792,1763,14.600788
6612,94119,14.600922
48189,2,14.601274
7910,2,14.601491
8891,2287,14.602585
31270,759,14.603055
37135,24061,14.603202
78264,3,14.603216
1119,18842,14.603411
2156,217,14.603812
2895,7092,14.603939
92195,25,14.604058
653,17421,14.604136
